Feature,Importance
Lead_Time,0.3884213085673445
ADR,0.2131099654459373
Deposit_Type_Code,0.09580674860303576
Stay_Nights,0.09016015552039515
Market_Segment_Code,0.06928122300344638
Previous_Cancellations,0.06472796782756196
Total_Of_Special_Requests,0.055402795181177966
Is_Repeated_Guest,0.023089835851100884
