Feature,Importance
Sensor_Vibration,0.5020086447667227
Sensor_Temperature,0.24323787109861805
Age_Days,0.061663064793734616
Days_Since_Maint,0.06118801239442539
Usage_Hours,0.05920625441071415
Maintenance_Cost,0.047090729247724325
Type_Code,0.016394469211715137
Number_of_Failures,0.009210954076345618
